-- phpMyAdmin SQL Dump
-- version 4.8.3
-- https://www.phpmyadmin.net/
--
-- Host: localhost:3306
-- Generation Time: May 29, 2019 at 11:53 AM
-- Server version: 10.1.40-MariaDB
-- PHP Version: 7.2.7

SET SQL_MODE = "NO_AUTO_VALUE_ON_ZERO";
SET AUTOCOMMIT = 0;
START TRANSACTION;
SET time_zone = "+00:00";


/*!40101 SET @OLD_CHARACTER_SET_CLIENT=@@CHARACTER_SET_CLIENT */;
/*!40101 SET @OLD_CHARACTER_SET_RESULTS=@@CHARACTER_SET_RESULTS */;
/*!40101 SET @OLD_COLLATION_CONNECTION=@@COLLATION_CONNECTION */;
/*!40101 SET NAMES utf8mb4 */;

--
-- Database: `embarquesoft_embarquesoft_db`
--

-- --------------------------------------------------------

--
-- Table structure for table `ci_sessions`
--

CREATE TABLE `ci_sessions` (
  `id` varchar(40) NOT NULL,
  `ip_address` varchar(45) NOT NULL,
  `timestamp` int(10) UNSIGNED NOT NULL DEFAULT '0',
  `data` blob NOT NULL
) ENGINE=InnoDB DEFAULT CHARSET=utf8;

--
-- Dumping data for table `ci_sessions`
--

INSERT INTO `ci_sessions` (`id`, `ip_address`, `timestamp`, `data`) VALUES
('drt0f10f2405ct5p5dgqe2ekf9j82v5g', '46.166.137.209', 1557992685, 0x5f5f63695f6c6173745f726567656e65726174657c693a313535373939323638353b736974655f6c616e677c733a373a22656e676c697368223b),
('ua93k825iutalu108qi4vr9ogosm5ss4', '181.215.50.228', 1557995178, 0x5f5f63695f6c6173745f726567656e65726174657c693a313535373939353137383b736974655f6c616e677c733a373a22656e676c697368223b),
('ftdi19dfhs09npgnqb519l58b287ma7b', '52.25.151.42', 1558005067, 0x5f5f63695f6c6173745f726567656e65726174657c693a313535383030353036373b736974655f6c616e677c733a373a22656e676c697368223b),
('vgk0990pccj6sngn6g3j1sktpn5kuusu', '209.17.96.10', 1558029211, 0x5f5f63695f6c6173745f726567656e65726174657c693a313535383032393231313b736974655f6c616e677c733a373a22656e676c697368223b),
('2237jko9gl8ml5o86e2svnjioci3bcr2', '46.166.190.141', 1558047560, 0x5f5f63695f6c6173745f726567656e65726174657c693a313535383034373536303b736974655f6c616e677c733a373a22656e676c697368223b),
('oo2l48ddt6kgvjq1e84j3h3gk83jj8qp', '60.191.38.77', 1558050696, 0x5f5f63695f6c6173745f726567656e65726174657c693a313535383035303639363b736974655f6c616e677c733a373a22656e676c697368223b),
('oro4tg45vjv2muc14ukvbvlro8qaerco', '209.17.96.202', 1558051834, 0x5f5f63695f6c6173745f726567656e65726174657c693a313535383035313833343b736974655f6c616e677c733a373a22656e676c697368223b),
('jgd6gr4d4ec2sp8h4i923c8huflgkiqk', '46.166.137.210', 1558060281, 0x5f5f63695f6c6173745f726567656e65726174657c693a313535383036303238313b736974655f6c616e677c733a373a22656e676c697368223b),
('6scf4gks99h9at64qatgs6tlfffj92s6', '109.201.152.236', 1558060285, 0x5f5f63695f6c6173745f726567656e65726174657c693a313535383036303238353b736974655f6c616e677c733a373a22656e676c697368223b),
('u5mm3g37lje3f7cigfihqctaqrcrsp66', '137.226.113.34', 1558060781, 0x5f5f63695f6c6173745f726567656e65726174657c693a313535383036303738313b736974655f6c616e677c733a373a22656e676c697368223b),
('hn20ovkv67eniu8vqhmnddvkaud3j8kf', '31.184.238.190', 1558066706, 0x5f5f63695f6c6173745f726567656e65726174657c693a313535383036363730363b736974655f6c616e677c733a373a22656e676c697368223b),
('3atbsuq3gnlghlu9s2fcd8aog0jhphdq', '158.69.116.60', 1558112401, 0x5f5f63695f6c6173745f726567656e65726174657c693a313535383131323430303b736974655f6c616e677c733a373a22656e676c697368223b),
('m2lj2bevomve63fsc7f3lo76qm9n69de', '158.69.116.60', 1558112403, 0x5f5f63695f6c6173745f726567656e65726174657c693a313535383131323430333b736974655f6c616e677c733a373a22656e676c697368223b),
('mjqev21e7a4mpb00f8jrm28tm3cqmaqn', '66.249.66.129', 1558129168, 0x5f5f63695f6c6173745f726567656e65726174657c693a313535383132393136383b736974655f6c616e677c733a373a22656e676c697368223b),
('i365qvtgtiorlv58s99tol16p2n6h3tu', '207.89.22.101', 1558135442, 0x5f5f63695f6c6173745f726567656e65726174657c693a313535383133353434323b736974655f6c616e677c733a373a22656e676c697368223b),
('012j1j6s3hdgveg07fskr242infrcdnh', '139.198.19.213', 1558144538, 0x5f5f63695f6c6173745f726567656e65726174657c693a313535383134343533383b736974655f6c616e677c733a373a22656e676c697368223b),
('q5grlnru2p1cmhl3neb9eflsotm81n5v', '109.201.154.135', 1558144725, 0x5f5f63695f6c6173745f726567656e65726174657c693a313535383134343732353b736974655f6c616e677c733a373a22656e676c697368223b),
('0519mep6lk08jvdn246r90hq08g0l589', '180.163.220.4', 1558148490, 0x5f5f63695f6c6173745f726567656e65726174657c693a313535383134383439303b736974655f6c616e677c733a373a22656e676c697368223b),
('gomqaun0h6eolechb4oboj1hfi2li3k4', '180.163.220.5', 1558148522, 0x5f5f63695f6c6173745f726567656e65726174657c693a313535383134383532323b736974655f6c616e677c733a373a22656e676c697368223b),
('bkr6v0fq27t0h2giivuili57gdis1kbt', '42.236.10.114', 1558148552, 0x5f5f63695f6c6173745f726567656e65726174657c693a313535383134383535323b736974655f6c616e677c733a373a22656e676c697368223b),
('sn66vshtn31duabd2ka80riufiidvjhf', '80.252.154.233', 1558152550, 0x5f5f63695f6c6173745f726567656e65726174657c693a313535383135323535303b736974655f6c616e677c733a373a22656e676c697368223b),
('cvc51b459tu4sir6olrtvdp2i372oehv', '66.249.75.143', 1558165321, 0x5f5f63695f6c6173745f726567656e65726174657c693a313535383136353332313b736974655f6c616e677c733a373a22656e676c697368223b),
('g5l8dd0o5j7mkjt3lrc2vbm94jtv6vkp', '46.166.190.145', 1558172589, 0x5f5f63695f6c6173745f726567656e65726174657c693a313535383137323538393b736974655f6c616e677c733a373a22656e676c697368223b),
('g8jc11mit6bomn9er2akssc6m27f3rqq', '64.246.161.42', 1558173129, 0x5f5f63695f6c6173745f726567656e65726174657c693a313535383137333132393b736974655f6c616e677c733a373a22656e676c697368223b),
('r64hk6joktkl369hvkube3rsc52qloh1', '171.13.14.37', 1558174717, 0x5f5f63695f6c6173745f726567656e65726174657c693a313535383137343731373b736974655f6c616e677c733a373a22656e676c697368223b),
('piqfo3c99ipo8vrhnuq0rede3ejfvvt5', '46.166.186.200', 1558177545, 0x5f5f63695f6c6173745f726567656e65726174657c693a313535383137373534353b736974655f6c616e677c733a373a22656e676c697368223b),
('2a7m50mvokuo225nadcub7llbodum5r1', '109.201.154.230', 1558177561, 0x5f5f63695f6c6173745f726567656e65726174657c693a313535383137373536313b736974655f6c616e677c733a373a22656e676c697368223b),
('c9cmia2gtdr2dge0ttlvr4p3ifoilfo4', '109.201.152.247', 1558216904, 0x5f5f63695f6c6173745f726567656e65726174657c693a313535383231363930343b736974655f6c616e677c733a373a22656e676c697368223b),
('n325s1gvg6rtdcrd9golj1vdkmq9jbst', '199.249.230.101', 1558224295, 0x5f5f63695f6c6173745f726567656e65726174657c693a313535383232343238333b736974655f6c616e677c733a373a22656e676c697368223b),
('idid5ulkhalgl69d9239fef5v7is6goq', '109.201.154.241', 1558245586, 0x5f5f63695f6c6173745f726567656e65726174657c693a313535383234353538363b736974655f6c616e677c733a373a22656e676c697368223b),
('1kprroi8mf6r9qme00a075h8642ke7qa', '190.94.7.52', 1558283981, 0x5f5f63695f6c6173745f726567656e65726174657c693a313535383238333938313b736974655f6c616e677c733a373a22656e676c697368223b),
('anvjmm3aeq69bbsp0d9rq7kq1ba5e8i0', '157.55.39.218', 1558292689, 0x5f5f63695f6c6173745f726567656e65726174657c693a313535383239323638393b736974655f6c616e677c733a373a22656e676c697368223b),
('7556r61gef2p8opa7124o0ijk7n5olrh', '207.180.218.247', 1558316299, 0x5f5f63695f6c6173745f726567656e65726174657c693a313535383331363239383b736974655f6c616e677c733a373a22656e676c697368223b),
('vjfq7lqcpiv2qa7k9c1hhm81idn3q135', '35.163.173.164', 1558352841, 0x5f5f63695f6c6173745f726567656e65726174657c693a313535383335323834313b736974655f6c616e677c733a373a22656e676c697368223b),
('fldpvm2el87mmpn24qlmpj27mfjfibte', '96.56.46.142', 1558358491, 0x5f5f63695f6c6173745f726567656e65726174657c693a313535383335383434373b736974655f6c616e677c733a373a22656e676c697368223b75736572646174617c4f3a383a22737464436c617373223a32363a7b733a323a226964223b733a313a2233223b733a343a2267756964223b733a303a22223b733a383a22757365726e616d65223b733a373a227269636172646f223b733a353a22656d61696c223b733a31383a22636f6d70616e793140676d61696c2e636f6d223b733a383a2270617373776f7264223b733a33323a226531306164633339343962613539616262653536653035376632306638383365223b733a31303a22636f6d70616e795f6964223b733a313a2233223b733a31303a22636f6d70616e795f6462223b733a32353a22656d626172717565736f66745f656d626172717565736f6674223b733a343a226e616d65223b733a303a22223b733a31303a2266697273745f6e616d65223b733a303a22223b733a393a226c6173745f6e616d65223b733a303a22223b733a383a226164647265737331223b733a383a224164647265737331223b733a323a226970223b733a303a22223b733a383a226164647265737332223b733a383a224164647265737332223b733a343a2263697479223b733a393a2241686d656461626164223b733a353a227374617465223b733a363a2247756a726174223b733a373a22636f756e747279223b733a353a22496e646961223b733a383a227a69705f636f6465223b733a363a22333132363035223b733a373a2277656273697465223b733a303a22223b733a353a22696d616765223b733a303a22223b733a363a22737461747573223b733a313a2231223b733a31303a2269735f64656c65746564223b733a313a2230223b733a343a2274797065223b733a313a2233223b733a383a226c616e6775616765223b733a303a22223b733a31323a22637265617465645f64617465223b733a31393a22323031392d30322d32312032313a30333a3138223b733a31323a22757064617465645f64617465223b733a31393a22303030302d30302d30302030303a30303a3030223b733a373a226d6f64756c6573223b4e3b7d7765625f74696d657a6f6e657c733a31363a22416d65726963612f4e65775f596f726b223b6c6173745f7069636b75705f7265706f72745f71756572797c733a3338363a2253454c454354206070602e606964602061732060637573746f6d65725f6964602c206070602e2a2c20434f4e43415428702e74656c655f636f756e7472795f636f64652c202720272c20702e74656c6570686f6e655f6e756d626572292061732074656c6570686f6e655f6e756d6265722c20434f4e43415428702e63656c6c5f636f756e7472795f636f64652c202720272c20702e63656c6c70686f6e655f6e756d626572292061732063656c6c70686f6e655f6e756d6265722c20434f4e43415428702e666e616d652c202720272c20702e6c6e616d6529206173206e616d652c206063602e6062616c616e6365600a46524f4d206074626c5f7069636b757060206070600a4a4f494e206074626c5f637573746f6d65726020606360204f4e206063602e60696460203d206070602e60637573746f6d65725f6964600a5748455245206070602e60766f696460203d20274e6f270a414e4420607069636b75705f6461746560203d2027323031392d30352d3131270a204c494d4954203130223b7461627c733a343a2274657374223b),
('ia8tg0impfkh9hk0n9k567k3fqg8dr6b', '46.166.186.227', 1558363947, 0x5f5f63695f6c6173745f726567656e65726174657c693a313535383336333934373b736974655f6c616e677c733a373a22656e676c697368223b),
('tgpcv6p1d22n7e24d50hop2gau3iijii', '207.46.13.124', 1558366513, 0x5f5f63695f6c6173745f726567656e65726174657c693a313535383336363531333b736974655f6c616e677c733a373a22656e676c697368223b),
('vpvllh4tlofodd8bgvm7da2phq5mbttm', '66.249.75.143', 1558366718, 0x5f5f63695f6c6173745f726567656e65726174657c693a313535383336363731383b736974655f6c616e677c733a373a22656e676c697368223b),
('7ttjh940es7ojc9q5uqivh8duv2btvr9', '109.201.154.222', 1558369067, 0x5f5f63695f6c6173745f726567656e65726174657c693a313535383336393036373b736974655f6c616e677c733a373a22656e676c697368223b),
('6dkqm6qdqsjmrntei44d77goslgdfmed', '188.165.250.89', 1558369539, 0x5f5f63695f6c6173745f726567656e65726174657c693a313535383336393533393b736974655f6c616e677c733a373a22656e676c697368223b),
('vsum0ql5qoij03hf7ovj90cl39f0negp', '209.17.97.66', 1558384083, 0x5f5f63695f6c6173745f726567656e65726174657c693a313535383338343038333b736974655f6c616e677c733a373a22656e676c697368223b),
('5adkjqtebf7m73dk41cdkus65gmke2e3', '46.166.190.143', 1558386419, 0x5f5f63695f6c6173745f726567656e65726174657c693a313535383338363431393b736974655f6c616e677c733a373a22656e676c697368223b),
('b9rqb7a6s52d878nuhihcerba4pc2frj', '109.201.154.237', 1558386420, 0x5f5f63695f6c6173745f726567656e65726174657c693a313535383338363432303b736974655f6c616e677c733a373a22656e676c697368223b),
('7nmisl022nr9cq8467afu9kk6h73tcb2', '72.80.102.112', 1558393394, 0x5f5f63695f6c6173745f726567656e65726174657c693a313535383339333339343b736974655f6c616e677c733a373a22656e676c697368223b),
('ggvi3bpu0ff8hv9eq3ptki9mi5dff9ir', '66.249.69.177', 1558406600, 0x5f5f63695f6c6173745f726567656e65726174657c693a313535383430363630303b736974655f6c616e677c733a373a22656e676c697368223b),
('s4mlutvdknsc6h1d6b0efaub50qak0j4', '186.150.197.221', 1558408732, 0x5f5f63695f6c6173745f726567656e65726174657c693a313535383430383537343b736974655f6c616e677c733a373a22656e676c697368223b),
('d07lmic3lfc6lq014g2je3mkrljq1m7u', '109.201.138.225', 1558418156, 0x5f5f63695f6c6173745f726567656e65726174657c693a313535383431383135363b736974655f6c616e677c733a373a22656e676c697368223b),
('bqphh7i4b2hgq2eadcamigek23dotqo5', '46.166.190.138', 1558418161, 0x5f5f63695f6c6173745f726567656e65726174657c693a313535383431383136313b736974655f6c616e677c733a373a22656e676c697368223b),
('19lv6s6vrc4rq013ce2onbgs29pidjou', '66.249.69.177', 1558421411, 0x5f5f63695f6c6173745f726567656e65726174657c693a313535383432313431303b736974655f6c616e677c733a373a22656e676c697368223b),
('200u08u4ptoa8r52i57v0vrdul01g7ht', '137.226.113.28', 1558422215, 0x5f5f63695f6c6173745f726567656e65726174657c693a313535383432323231353b736974655f6c616e677c733a373a22656e676c697368223b),
('k0jmd73c24kq4n0hvphj3rac8m4odnef', '66.249.69.177', 1558424461, 0x5f5f63695f6c6173745f726567656e65726174657c693a313535383432343436313b736974655f6c616e677c733a373a22656e676c697368223b),
('mg0ehbjn4q9jto3m7pbphbl2k8ur956k', '207.46.13.224', 1558425379, 0x5f5f63695f6c6173745f726567656e65726174657c693a313535383432353337393b736974655f6c616e677c733a373a22656e676c697368223b),
('gaencdg7h9rsohpke0uohdlft7b27lpp', '66.249.69.177', 1558443701, 0x5f5f63695f6c6173745f726567656e65726174657c693a313535383434333730313b736974655f6c616e677c733a373a22656e676c697368223b),
('296u3nl8uovstdvhe813pdd57f3t354p', '54.218.90.40', 1558448364, 0x5f5f63695f6c6173745f726567656e65726174657c693a313535383434383336343b736974655f6c616e677c733a373a22656e676c697368223b),
('ucbld9m13kuvp2nn403e4tvuuvo86ucd', '66.249.69.175', 1558458192, 0x5f5f63695f6c6173745f726567656e65726174657c693a313535383435383139323b736974655f6c616e677c733a373a22656e676c697368223b),
('jsaso334ulm724dg0r3262emud85c1ff', '200.42.241.152', 1558463470, 0x5f5f63695f6c6173745f726567656e65726174657c693a313535383436333437303b736974655f6c616e677c733a373a22656e676c697368223b),
('42u2qdbabhhp4dj9rj4fq2k6b9n3o1gd', '200.42.241.152', 1558467849, 0x5f5f63695f6c6173745f726567656e65726174657c693a313535383436373834393b736974655f6c616e677c733a373a22656e676c697368223b),
('5mo2q57d6k2516of38tc3q9mvulo1etf', '200.42.241.152', 1558469237, 0x5f5f63695f6c6173745f726567656e65726174657c693a313535383436393233373b736974655f6c616e677c733a373a22656e676c697368223b),
('iihgh66rr2596ognhkdoql4onj6815ek', '137.226.113.28', 1558471907, 0x5f5f63695f6c6173745f726567656e65726174657c693a313535383437313930373b736974655f6c616e677c733a373a22656e676c697368223b),
('hdf5pl702kf5jac23s1s4a41tikn954t', '209.17.97.106', 1558480462, 0x5f5f63695f6c6173745f726567656e65726174657c693a313535383438303436323b736974655f6c616e677c733a373a22656e676c697368223b),
('am50q5gk3buptfs9h80ea9pb1brrq1i6', '137.226.113.26', 1558483253, 0x5f5f63695f6c6173745f726567656e65726174657c693a313535383438333235333b736974655f6c616e677c733a373a22656e676c697368223b),
('63df69lqhqpu2ma7c7mjc4rsfde7gsvn', '66.249.69.177', 1558492564, 0x5f5f63695f6c6173745f726567656e65726174657c693a313535383439323536343b736974655f6c616e677c733a373a22656e676c697368223b),
('v6cd7bdtjcas5dm0nlt1oera29p5vid7', '54.36.148.3', 1558492754, 0x5f5f63695f6c6173745f726567656e65726174657c693a313535383439323735343b736974655f6c616e677c733a373a22656e676c697368223b),
('ccrut1698njsosrdrue5vctvdlu51g4t', '66.249.64.143', 1558529374, 0x5f5f63695f6c6173745f726567656e65726174657c693a313535383532393337343b736974655f6c616e677c733a373a22656e676c697368223b),
('geqtsei7ur1ka58i6gqjo5nlr3h5kr88', '207.46.13.103', 1558544847, 0x5f5f63695f6c6173745f726567656e65726174657c693a313535383534343834373b736974655f6c616e677c733a373a22656e676c697368223b),
('2qoblgn1d085mbgq7amgsnbf478spkd0', '103.78.201.250', 1558545369, 0x5f5f63695f6c6173745f726567656e65726174657c693a313535383534353336383b736974655f6c616e677c733a373a22656e676c697368223b75736572646174617c4f3a383a22737464436c617373223a32363a7b733a323a226964223b733a313a2233223b733a343a2267756964223b733a303a22223b733a383a22757365726e616d65223b733a373a227269636172646f223b733a353a22656d61696c223b733a31383a22636f6d70616e793140676d61696c2e636f6d223b733a383a2270617373776f7264223b733a33323a226531306164633339343962613539616262653536653035376632306638383365223b733a31303a22636f6d70616e795f6964223b733a313a2233223b733a31303a22636f6d70616e795f6462223b733a32353a22656d626172717565736f66745f656d626172717565736f6674223b733a343a226e616d65223b733a303a22223b733a31303a2266697273745f6e616d65223b733a303a22223b733a393a226c6173745f6e616d65223b733a303a22223b733a383a226164647265737331223b733a383a224164647265737331223b733a323a226970223b733a303a22223b733a383a226164647265737332223b733a383a224164647265737332223b733a343a2263697479223b733a393a2241686d656461626164223b733a353a227374617465223b733a363a2247756a726174223b733a373a22636f756e747279223b733a353a22496e646961223b733a383a227a69705f636f6465223b733a363a22333132363035223b733a373a2277656273697465223b733a303a22223b733a353a22696d616765223b733a303a22223b733a363a22737461747573223b733a313a2231223b733a31303a2269735f64656c65746564223b733a313a2230223b733a343a2274797065223b733a313a2233223b733a383a226c616e6775616765223b733a303a22223b733a31323a22637265617465645f64617465223b733a31393a22323031392d30322d32312032313a30333a3138223b733a31323a22757064617465645f64617465223b733a31393a22303030302d30302d30302030303a30303a3030223b733a373a226d6f64756c6573223b4e3b7d7765625f74696d657a6f6e657c733a31333a22417369612f43616c6375747461223b),
('4uaf51or4kkbc6jlg8nfbo9uaqkgjv52', '200.42.241.152', 1558548632, 0x5f5f63695f6c6173745f726567656e65726174657c693a313535383534383633323b736974655f6c616e677c733a373a22656e676c697368223b),
('aq3815qpccscsl2smkrh70shg86dmfbv', '163.172.119.161', 1558557023, 0x5f5f63695f6c6173745f726567656e65726174657c693a313535383535373032333b736974655f6c616e677c733a373a22656e676c697368223b),
('gfqk2l27p9b4665gemteeu0mit4v5gis', '200.42.241.152', 1558559105, 0x5f5f63695f6c6173745f726567656e65726174657c693a313535383535393130353b736974655f6c616e677c733a373a22656e676c697368223b),
('r9hou9mp947qpmc5rjhpnatfc0ffutp2', '138.246.253.5', 1558559905, 0x5f5f63695f6c6173745f726567656e65726174657c693a313535383535393930353b736974655f6c616e677c733a373a22656e676c697368223b),
('7vp3mp9iaanvn4sr4fd8pruon94jeaar', '66.249.64.143', 1558568000, 0x5f5f63695f6c6173745f726567656e65726174657c693a313535383536383030303b736974655f6c616e677c733a373a22656e676c697368223b),
('5qva1680f357pgjuubvujotltbstu333', '178.171.51.11', 1558574075, 0x5f5f63695f6c6173745f726567656e65726174657c693a313535383537343037353b736974655f6c616e677c733a373a22656e676c697368223b),
('fhjsq3qd5fpoah74mnkjrcn5r18ll37c', '66.249.64.145', 1558601745, 0x5f5f63695f6c6173745f726567656e65726174657c693a313535383630313734353b736974655f6c616e677c733a373a22656e676c697368223b),
('mjt4mb923t86j631mip7q3saj1bkn3v8', '69.171.251.1', 1558603042, 0x5f5f63695f6c6173745f726567656e65726174657c693a313535383630333034323b736974655f6c616e677c733a373a22656e676c697368223b),
('9bvjal9c0uec9l74416ioldt8h0lvh5j', '60.191.38.77', 1558612612, 0x5f5f63695f6c6173745f726567656e65726174657c693a313535383631323631323b736974655f6c616e677c733a373a22656e676c697368223b),
('boe0oq1q7rejtfntddqk1kq4fp6beacl', '96.56.46.142', 1558614682, 0x5f5f63695f6c6173745f726567656e65726174657c693a313535383631343637363b736974655f6c616e677c733a373a22656e676c697368223b),
('2kgs6d153jcdqlan40hmqf70frsorofn', '67.243.121.121', 1558616836, 0x5f5f63695f6c6173745f726567656e65726174657c693a313535383631363833363b736974655f6c616e677c733a373a22656e676c697368223b75736572646174617c4f3a383a22737464436c617373223a32363a7b733a323a226964223b733a313a2233223b733a343a2267756964223b733a303a22223b733a383a22757365726e616d65223b733a373a227269636172646f223b733a353a22656d61696c223b733a31383a22636f6d70616e793140676d61696c2e636f6d223b733a383a2270617373776f7264223b733a33323a226531306164633339343962613539616262653536653035376632306638383365223b733a31303a22636f6d70616e795f6964223b733a313a2233223b733a31303a22636f6d70616e795f6462223b733a32353a22656d626172717565736f66745f656d626172717565736f6674223b733a343a226e616d65223b733a303a22223b733a31303a2266697273745f6e616d65223b733a303a22223b733a393a226c6173745f6e616d65223b733a303a22223b733a383a226164647265737331223b733a383a224164647265737331223b733a323a226970223b733a303a22223b733a383a226164647265737332223b733a383a224164647265737332223b733a343a2263697479223b733a393a2241686d656461626164223b733a353a227374617465223b733a363a2247756a726174223b733a373a22636f756e747279223b733a353a22496e646961223b733a383a227a69705f636f6465223b733a363a22333132363035223b733a373a2277656273697465223b733a303a22223b733a353a22696d616765223b733a303a22223b733a363a22737461747573223b733a313a2231223b733a31303a2269735f64656c65746564223b733a313a2230223b733a343a2274797065223b733a313a2233223b733a383a226c616e6775616765223b733a303a22223b733a31323a22637265617465645f64617465223b733a31393a22323031392d30322d32312032313a30333a3138223b733a31323a22757064617465645f64617465223b733a31393a22303030302d30302d30302030303a30303a3030223b733a373a226d6f64756c6573223b4e3b7d7765625f74696d657a6f6e657c733a31363a22416d65726963612f4e65775f596f726b223b6c6173745f7069636b75705f7265706f72745f71756572797c733a3338363a2253454c454354206070602e606964602061732060637573746f6d65725f6964602c206070602e2a2c20434f4e43415428702e74656c655f636f756e7472795f636f64652c202720272c20702e74656c6570686f6e655f6e756d626572292061732074656c6570686f6e655f6e756d6265722c20434f4e43415428702e63656c6c5f636f756e7472795f636f64652c202720272c20702e63656c6c70686f6e655f6e756d626572292061732063656c6c70686f6e655f6e756d6265722c20434f4e43415428702e666e616d652c202720272c20702e6c6e616d6529206173206e616d652c206063602e6062616c616e6365600a46524f4d206074626c5f7069636b757060206070600a4a4f494e206074626c5f637573746f6d65726020606360204f4e206063602e60696460203d206070602e60637573746f6d65725f6964600a5748455245206070602e60766f696460203d20274e6f270a414e4420607069636b75705f6461746560203d2027323031392d30352d3233270a204c494d4954203130223b7461627c733a343a2274657374223b),
('i7ln2uepsa78l7j5qt1p2h5d319pbcu6', '51.77.129.159', 1558620071, 0x5f5f63695f6c6173745f726567656e65726174657c693a313535383632303037313b736974655f6c616e677c733a373a22656e676c697368223b),
('6dugt3jod28b5vj787rshgcmqhhkf7qn', '200.42.241.152', 1558622421, 0x5f5f63695f6c6173745f726567656e65726174657c693a313535383632323432313b736974655f6c616e677c733a373a22656e676c697368223b),
('ovg0eat5h5eib0ldckrujjmbj14iei5p', '103.78.201.250', 1558633248, 0x5f5f63695f6c6173745f726567656e65726174657c693a313535383633333234353b736974655f6c616e677c733a373a22656e676c697368223b75736572646174617c4f3a383a22737464436c617373223a32363a7b733a323a226964223b733a313a2233223b733a343a2267756964223b733a303a22223b733a383a22757365726e616d65223b733a373a227269636172646f223b733a353a22656d61696c223b733a31383a22636f6d70616e793140676d61696c2e636f6d223b733a383a2270617373776f7264223b733a33323a226531306164633339343962613539616262653536653035376632306638383365223b733a31303a22636f6d70616e795f6964223b733a313a2233223b733a31303a22636f6d70616e795f6462223b733a32353a22656d626172717565736f66745f656d626172717565736f6674223b733a343a226e616d65223b733a303a22223b733a31303a2266697273745f6e616d65223b733a303a22223b733a393a226c6173745f6e616d65223b733a303a22223b733a383a226164647265737331223b733a383a224164647265737331223b733a323a226970223b733a303a22223b733a383a226164647265737332223b733a383a224164647265737332223b733a343a2263697479223b733a393a2241686d656461626164223b733a353a227374617465223b733a363a2247756a726174223b733a373a22636f756e747279223b733a353a22496e646961223b733a383a227a69705f636f6465223b733a363a22333132363035223b733a373a2277656273697465223b733a303a22223b733a353a22696d616765223b733a303a22223b733a363a22737461747573223b733a313a2231223b733a31303a2269735f64656c65746564223b733a313a2230223b733a343a2274797065223b733a313a2233223b733a383a226c616e6775616765223b733a303a22223b733a31323a22637265617465645f64617465223b733a31393a22323031392d30322d32312032313a30333a3138223b733a31323a22757064617465645f64617465223b733a31393a22303030302d30302d30302030303a30303a3030223b733a373a226d6f64756c6573223b4e3b7d7765625f74696d657a6f6e657c733a31333a22417369612f43616c6375747461223b72656469726563745f75726c7c733a34373a2268747470733a2f2f656d626172717565736f66742e6e65742f636f6d70616e792f7069636b75702f6c697374696e67223b6c6173745f7069636b75705f7265706f72745f71756572797c733a3338363a2253454c454354206070602e606964602061732060637573746f6d65725f6964602c206070602e2a2c20434f4e43415428702e74656c655f636f756e7472795f636f64652c202720272c20702e74656c6570686f6e655f6e756d626572292061732074656c6570686f6e655f6e756d6265722c20434f4e43415428702e63656c6c5f636f756e7472795f636f64652c202720272c20702e63656c6c70686f6e655f6e756d626572292061732063656c6c70686f6e655f6e756d6265722c20434f4e43415428702e666e616d652c202720272c20702e6c6e616d6529206173206e616d652c206063602e6062616c616e6365600a46524f4d206074626c5f7069636b757060206070600a4a4f494e206074626c5f637573746f6d65726020606360204f4e206063602e60696460203d206070602e60637573746f6d65725f6964600a5748455245206070602e60766f696460203d20274e6f270a414e4420607069636b75705f6461746560203d2027323031392d30352d3233270a204c494d4954203130223b7461627c733a343a2274657374223b),
('fg8044i6vvefq4hui6vvsodbmhamk73d', '200.42.241.152', 1558643561, 0x5f5f63695f6c6173745f726567656e65726174657c693a313535383634333536303b736974655f6c616e677c733a373a22656e676c697368223b),
('q2mhqc3u0rgd4g7d58fk9kfksgrag99s', '66.249.64.145', 1558654833, 0x5f5f63695f6c6173745f726567656e65726174657c693a313535383635343833333b736974655f6c616e677c733a373a22656e676c697368223b),
('4p6td4eo1mrmiap44a9ngpkiplktvmi6', '137.226.113.34', 1558669120, 0x5f5f63695f6c6173745f726567656e65726174657c693a313535383636393132303b736974655f6c616e677c733a373a22656e676c697368223b),
('th5esmoq462k5lmmlrtj9pj463vp4740', '40.77.167.165', 1558701276, 0x5f5f63695f6c6173745f726567656e65726174657c693a313535383730313237363b736974655f6c616e677c733a373a22656e676c697368223b),
('ap7s3tq97lfgr8l3051rge9saku8s93l', '66.249.64.145', 1558701905, 0x5f5f63695f6c6173745f726567656e65726174657c693a313535383730313930353b736974655f6c616e677c733a373a22656e676c697368223b),
('0g8sc6aghgp1h8mufh4ok5eqoa493jah', '209.17.96.26', 1558713046, 0x5f5f63695f6c6173745f726567656e65726174657c693a313535383731333034363b736974655f6c616e677c733a373a22656e676c697368223b),
('e97at7lb77n2hq21ejaouk5dq5pl9es8', '54.36.148.153', 1558733104, 0x5f5f63695f6c6173745f726567656e65726174657c693a313535383733333130343b736974655f6c616e677c733a373a22656e676c697368223b),
('002n8kfj6u17go1d84cdqkrohmidqsrp', '66.249.64.143', 1558741859, 0x5f5f63695f6c6173745f726567656e65726174657c693a313535383734313835393b736974655f6c616e677c733a373a22656e676c697368223b),
('6bp5hvg8gul73akc3l5e7hm4ol0olfof', '66.249.64.143', 1558764130, 0x5f5f63695f6c6173745f726567656e65726174657c693a313535383736343133303b736974655f6c616e677c733a373a22656e676c697368223b),
('sllbe1f3biim9rj5jpnf1bkttr57u87o', '109.70.100.19', 1558764489, 0x5f5f63695f6c6173745f726567656e65726174657c693a313535383736343438303b736974655f6c616e677c733a373a22656e676c697368223b),
('vkgqesv91bl70jlke52ou339pioderkp', '188.166.114.112', 1558766820, 0x5f5f63695f6c6173745f726567656e65726174657c693a313535383736363832303b736974655f6c616e677c733a373a22656e676c697368223b),
('vd8b7l6tshk4jblmqgm9pli9mpt9q0nn', '178.62.74.6', 1558772097, 0x5f5f63695f6c6173745f726567656e65726174657c693a313535383737323039373b736974655f6c616e677c733a373a22656e676c697368223b),
('gnga4nff5q6tcri2dh7v5f1o8kdvmiif', '66.249.64.143', 1558781264, 0x5f5f63695f6c6173745f726567656e65726174657c693a313535383738313236343b736974655f6c616e677c733a373a22656e676c697368223b),
('9abvbje09b19rs723n66k3tfnjaujidf', '185.217.0.138', 1558786342, 0x5f5f63695f6c6173745f726567656e65726174657c693a313535383738363334323b736974655f6c616e677c733a373a22656e676c697368223b),
('kcmaj9kl4rj8b50g90cdjuonc3fsi4m2', '66.249.64.145', 1558788752, 0x5f5f63695f6c6173745f726567656e65726174657c693a313535383738383735323b736974655f6c616e677c733a373a22656e676c697368223b),
('3ukuh50cjkogakfi6l3hmj05mp0r1bv6', '195.3.144.210', 1558793356, 0x5f5f63695f6c6173745f726567656e65726174657c693a313535383739333335363b736974655f6c616e677c733a373a22656e676c697368223b),
('5lbg5hid7ckl3osb0r5gdq584vndfp6r', '13.66.139.0', 1558805250, 0x5f5f63695f6c6173745f726567656e65726174657c693a313535383830353235303b736974655f6c616e677c733a373a22656e676c697368223b),
('ttk6f3n8f3lm3f0tufb2vm1rk1cpgarr', '13.66.139.0', 1558807615, 0x5f5f63695f6c6173745f726567656e65726174657c693a313535383830373631353b736974655f6c616e677c733a373a22656e676c697368223b),
('9u76jnebvs0ur4t65u9dvkslsfrru07q', '66.249.73.79', 1558833410, 0x5f5f63695f6c6173745f726567656e65726174657c693a313535383833333431303b736974655f6c616e677c733a373a22656e676c697368223b),
('4nbmv5t22jvbueonufn9b85oeu85mq2p', '66.249.73.79', 1558874021, 0x5f5f63695f6c6173745f726567656e65726174657c693a313535383837343032303b736974655f6c616e677c733a373a22656e676c697368223b),
('m0cki4qa6j3fgt69hnt1m2c6sjo2lr7m', '66.249.73.81', 1558901474, 0x5f5f63695f6c6173745f726567656e65726174657c693a313535383930313437343b736974655f6c616e677c733a373a22656e676c697368223b),
('fgq3gve8jfkinau0uf1btmqamv31q0od', '199.249.230.85', 1558907991, 0x5f5f63695f6c6173745f726567656e65726174657c693a313535383930373938303b736974655f6c616e677c733a373a22656e676c697368223b),
('6eo29fqq3fnj105m72ql6k354olthggq', '68.235.52.123', 1558908388, 0x5f5f63695f6c6173745f726567656e65726174657c693a313535383930383239383b736974655f6c616e677c733a373a22656e676c697368223b),
('9k6qhk6fee8igr4q6k8a7fi8jpkbd9j5', '190.94.7.52', 1558932192, 0x5f5f63695f6c6173745f726567656e65726174657c693a313535383933313837303b736974655f6c616e677c733a373a22656e676c697368223b7765625f74696d657a6f6e657c733a32313a22416d65726963612f53616e746f5f446f6d696e676f223b6c6173745f7069636b75705f7265706f72745f71756572797c733a3337363a2253454c454354206070602e606964602061732060637573746f6d65725f6964602c206070602e2a2c20434f4e43415428702e74656c655f636f756e7472795f636f64652c202720272c20702e74656c6570686f6e655f6e756d626572292061732074656c6570686f6e655f6e756d6265722c20434f4e43415428702e63656c6c5f636f756e7472795f636f64652c202720272c20702e63656c6c70686f6e655f6e756d626572292061732063656c6c70686f6e655f6e756d6265722c20434f4e43415428702e666e616d652c202720272c20702e6c6e616d6529206173206e616d652c206063602e6062616c616e6365600a46524f4d206074626c5f7069636b757060206070600a4a4f494e206074626c5f637573746f6d65726020606360204f4e206063602e60696460203d206070602e60637573746f6d65725f6964600a5748455245206070602e60766f696460203d20274e6f270a4f52444552204259206070602e6069646020444553430a204c494d4954203130223b7461627c733a343a2274657374223b75736572646174617c4f3a383a22737464436c617373223a32363a7b733a323a226964223b733a313a2233223b733a343a2267756964223b733a303a22223b733a383a22757365726e616d65223b733a373a227269636172646f223b733a353a22656d61696c223b733a31383a22636f6d70616e793140676d61696c2e636f6d223b733a383a2270617373776f7264223b733a33323a226531306164633339343962613539616262653536653035376632306638383365223b733a31303a22636f6d70616e795f6964223b733a313a2233223b733a31303a22636f6d70616e795f6462223b733a32353a22656d626172717565736f66745f656d626172717565736f6674223b733a343a226e616d65223b733a303a22223b733a31303a2266697273745f6e616d65223b733a303a22223b733a393a226c6173745f6e616d65223b733a303a22223b733a383a226164647265737331223b733a383a224164647265737331223b733a323a226970223b733a303a22223b733a383a226164647265737332223b733a383a224164647265737332223b733a343a2263697479223b733a393a2241686d656461626164223b733a353a227374617465223b733a363a2247756a726174223b733a373a22636f756e747279223b733a353a22496e646961223b733a383a227a69705f636f6465223b733a363a22333132363035223b733a373a2277656273697465223b733a303a22223b733a353a22696d616765223b733a303a22223b733a363a22737461747573223b733a313a2231223b733a31303a2269735f64656c65746564223b733a313a2230223b733a343a2274797065223b733a313a2233223b733a383a226c616e6775616765223b733a303a22223b733a31323a22637265617465645f64617465223b733a31393a22323031392d30322d32312032313a30333a3138223b733a31323a22757064617465645f64617465223b733a31393a22303030302d30302d30302030303a30303a3030223b733a373a226d6f64756c6573223b4e3b7d),
('sf03k3ce7a615qhvr42rg0gqmuv8p5sk', '69.58.178.56', 1558934463, 0x5f5f63695f6c6173745f726567656e65726174657c693a313535383933343436333b736974655f6c616e677c733a373a22656e676c697368223b),
('nhbnl1vs23epcdajhh32fuolnr2i14aj', '66.249.69.175', 1558940038, 0x5f5f63695f6c6173745f726567656e65726174657c693a313535383934303033373b736974655f6c616e677c733a373a22656e676c697368223b),
('n9larcugv6d13vvvvc4eg5jubm5il741', '66.249.69.177', 1558940596, 0x5f5f63695f6c6173745f726567656e65726174657c693a313535383934303539363b736974655f6c616e677c733a373a22656e676c697368223b),
('shlec91ttu9uhgmd6fc8esg3ajd2q8r7', '34.212.0.209', 1558959665, 0x5f5f63695f6c6173745f726567656e65726174657c693a313535383935393636353b736974655f6c616e677c733a373a22656e676c697368223b),
('ku5d468vluqopcqoct7mp4raamctvdam', '186.150.202.54', 1558966910, 0x5f5f63695f6c6173745f726567656e65726174657c693a313535383936363838333b736974655f6c616e677c733a373a22656e676c697368223b75736572646174617c4f3a383a22737464436c617373223a32363a7b733a323a226964223b733a313a2233223b733a343a2267756964223b733a303a22223b733a383a22757365726e616d65223b733a373a227269636172646f223b733a353a22656d61696c223b733a31383a22636f6d70616e793140676d61696c2e636f6d223b733a383a2270617373776f7264223b733a33323a226531306164633339343962613539616262653536653035376632306638383365223b733a31303a22636f6d70616e795f6964223b733a313a2233223b733a31303a22636f6d70616e795f6462223b733a32353a22656d626172717565736f66745f656d626172717565736f6674223b733a343a226e616d65223b733a303a22223b733a31303a2266697273745f6e616d65223b733a303a22223b733a393a226c6173745f6e616d65223b733a303a22223b733a383a226164647265737331223b733a383a224164647265737331223b733a323a226970223b733a303a22223b733a383a226164647265737332223b733a383a224164647265737332223b733a343a2263697479223b733a393a2241686d656461626164223b733a353a227374617465223b733a363a2247756a726174223b733a373a22636f756e747279223b733a353a22496e646961223b733a383a227a69705f636f6465223b733a363a22333132363035223b733a373a2277656273697465223b733a303a22223b733a353a22696d616765223b733a303a22223b733a363a22737461747573223b733a313a2231223b733a31303a2269735f64656c65746564223b733a313a2230223b733a343a2274797065223b733a313a2233223b733a383a226c616e6775616765223b733a303a22223b733a31323a22637265617465645f64617465223b733a31393a22323031392d30322d32312032313a30333a3138223b733a31323a22757064617465645f64617465223b733a31393a22303030302d30302d30302030303a30303a3030223b733a373a226d6f64756c6573223b4e3b7d),
('prag23911ii4v13dt8cafj0dt0hkj1qj', '67.243.121.121', 1558987613, 0x5f5f63695f6c6173745f726567656e65726174657c693a313535383938373630353b736974655f6c616e677c733a373a22656e676c697368223b7765625f74696d657a6f6e657c733a31363a22416d65726963612f4e65775f596f726b223b7461627c733a343a2274657374223b75736572646174617c4f3a383a22737464436c617373223a32363a7b733a323a226964223b733a313a2233223b733a343a2267756964223b733a303a22223b733a383a22757365726e616d65223b733a373a227269636172646f223b733a353a22656d61696c223b733a31383a22636f6d70616e793140676d61696c2e636f6d223b733a383a2270617373776f7264223b733a33323a226531306164633339343962613539616262653536653035376632306638383365223b733a31303a22636f6d70616e795f6964223b733a313a2233223b733a31303a22636f6d70616e795f6462223b733a32353a22656d626172717565736f66745f656d626172717565736f6674223b733a343a226e616d65223b733a303a22223b733a31303a2266697273745f6e616d65223b733a303a22223b733a393a226c6173745f6e616d65223b733a303a22223b733a383a226164647265737331223b733a383a224164647265737331223b733a323a226970223b733a303a22223b733a383a226164647265737332223b733a383a224164647265737332223b733a343a2263697479223b733a393a2241686d656461626164223b733a353a227374617465223b733a363a2247756a726174223b733a373a22636f756e747279223b733a353a22496e646961223b733a383a227a69705f636f6465223b733a363a22333132363035223b733a373a2277656273697465223b733a303a22223b733a353a22696d616765223b733a303a22223b733a363a22737461747573223b733a313a2231223b733a31303a2269735f64656c65746564223b733a313a2230223b733a343a2274797065223b733a313a2233223b733a383a226c616e6775616765223b733a303a22223b733a31323a22637265617465645f64617465223b733a31393a22323031392d30322d32312032313a30333a3138223b733a31323a22757064617465645f64617465223b733a31393a22303030302d30302d30302030303a30303a3030223b733a373a226d6f64756c6573223b4e3b7d72656469726563745f75726c7c733a34373a2268747470733a2f2f656d626172717565736f66742e6e65742f636f6d70616e792f7069636b75702f6c697374696e67223b6c6173745f7069636b75705f7265706f72745f71756572797c733a3338363a2253454c454354206070602e606964602061732060637573746f6d65725f6964602c206070602e2a2c20434f4e43415428702e74656c655f636f756e7472795f636f64652c202720272c20702e74656c6570686f6e655f6e756d626572292061732074656c6570686f6e655f6e756d6265722c20434f4e43415428702e63656c6c5f636f756e7472795f636f64652c202720272c20702e63656c6c70686f6e655f6e756d626572292061732063656c6c70686f6e655f6e756d6265722c20434f4e43415428702e666e616d652c202720272c20702e6c6e616d6529206173206e616d652c206063602e6062616c616e6365600a46524f4d206074626c5f7069636b757060206070600a4a4f494e206074626c5f637573746f6d65726020606360204f4e206063602e60696460203d206070602e60637573746f6d65725f6964600a5748455245206070602e60766f696460203d20274e6f270a414e4420607069636b75705f6461746560203d2027323031392d30352d3237270a204c494d4954203130223b),
('ftcpu9ontmhjva8asu2gt0hhs5qdik69', '66.249.69.175', 1559029423, 0x5f5f63695f6c6173745f726567656e65726174657c693a313535393032393432333b736974655f6c616e677c733a373a22656e676c697368223b),
('rgbj1vrskeqtuuu5752tlkoodoiamc26', '194.58.92.235', 1559039820, 0x5f5f63695f6c6173745f726567656e65726174657c693a313535393033393832303b736974655f6c616e677c733a373a22656e676c697368223b),
('8hh6t7lvkan3vqvtt3piu9f8rg830jem', '209.17.97.42', 1559040503, 0x5f5f63695f6c6173745f726567656e65726174657c693a313535393034303530333b736974655f6c616e677c733a373a22656e676c697368223b),
('0fnj9sunp7aah641g826dq5n3cclu4hn', '103.78.201.250', 1559052899, 0x5f5f63695f6c6173745f726567656e65726174657c693a313535393035323839313b736974655f6c616e677c733a373a22656e676c697368223b7765625f74696d657a6f6e657c733a31333a22417369612f43616c6375747461223b7461627c733a343a2274657374223b75736572646174617c4f3a383a22737464436c617373223a32363a7b733a323a226964223b733a323a223235223b733a343a2267756964223b733a303a22223b733a383a22757365726e616d65223b733a383a226261687562616c69223b733a353a22656d61696c223b733a303a22223b733a383a2270617373776f7264223b733a33323a226365623663393730363538663331353034613930316238396463643365343631223b733a31303a22636f6d70616e795f6964223b733a313a2233223b733a31303a22636f6d70616e795f6462223b733a32353a22656d626172717565736f66745f656d626172717565736f6674223b733a343a226e616d65223b733a303a22223b733a31303a2266697273745f6e616d65223b733a383a22416d72656e647261223b733a393a226c6173745f6e616d65223b733a383a224261687562616c69223b733a383a226164647265737331223b733a31313a223231737420537472656574223b733a323a226970223b733a383a226261687562616c69223b733a383a226164647265737332223b733a303a22223b733a343a2263697479223b733a383a224e657720596f726b223b733a353a227374617465223b733a383a224e657720596f726b223b733a373a22636f756e747279223b733a333a22313030223b733a383a227a69705f636f6465223b733a353a223130303033223b733a373a2277656273697465223b733a303a22223b733a353a22696d616765223b733a303a22223b733a363a22737461747573223b733a313a2231223b733a31303a2269735f64656c65746564223b733a313a2230223b733a343a2274797065223b733a313a2235223b733a383a226c616e6775616765223b733a323a22656e223b733a31323a22637265617465645f64617465223b733a31393a22323031392d30352d32382030373a35353a3531223b733a31323a22757064617465645f64617465223b733a31393a22303030302d30302d30302030303a30303a3030223b733a373a226d6f64756c6573223b733a3432323a227b22726967687473223a7b226d656e755f637573746f6d6572223a22636f6d70616e795c2f637573746f6d65725c2f616464222c226d656e755f696e766f69636573223a5b7b2275726c223a22636f6d70616e795c2f696e766f6963655c2f637265617465496e766f696365227d2c7b2275726c223a22636f6d70616e795c2f696e766f6963655c2f637265617465496e766f69636531227d2c7b2275726c223a22636f6d70616e795c2f696e766f6963655c2f637265617465496e766f69636532227d2c7b2275726c223a22636f6d70616e795c2f696e766f6963655c2f637265617465496e766f69636533227d2c7b2275726c223a22636f6d70616e795c2f696e766f6963655c2f637265617465496e766f69636534227d2c7b2275726c223a22636f6d70616e795c2f696e766f6963655c2f637265617465496e766f69636535227d5d2c226d656e755f656d706c6f796565223a22636f6d70616e795c2f656d706c6f7965655c2f616464222c226c6162656c5f75736572223a22636f6d70616e795c2f757365725c2f616464227d2c226d61737465725f75736572223a223235227d223b7d),
('h4fkgo7a878s6jpnnvqm2h742fhl175l', '54.36.150.49', 1559057615, 0x5f5f63695f6c6173745f726567656e65726174657c693a313535393035373631353b736974655f6c616e677c733a373a22656e676c697368223b),
('rli1q8pvhtg9i8h7keloeaopgjnj3n2p', '217.107.219.119', 1559067108, 0x5f5f63695f6c6173745f726567656e65726174657c693a313535393036373130383b736974655f6c616e677c733a373a22656e676c697368223b),
('9qims6uab9hd8on8uu3b2i0653ot96rb', '217.107.219.119', 1559067109, 0x5f5f63695f6c6173745f726567656e65726174657c693a313535393036373130393b736974655f6c616e677c733a373a22656e676c697368223b),
('7du9a67nvf9v00rhjc8plv4bbifnh78p', '103.78.201.250', 1559068360, 0x5f5f63695f6c6173745f726567656e65726174657c693a313535393036383332333b736974655f6c616e677c733a373a22656e676c697368223b7765625f74696d657a6f6e657c733a31333a22417369612f43616c6375747461223b7461627c733a343a2274657374223b75736572646174617c4f3a383a22737464436c617373223a32363a7b733a323a226964223b733a323a223237223b733a343a2267756964223b733a303a22223b733a383a22757365726e616d65223b733a373a2272616865657368223b733a353a22656d61696c223b733a32363a22636f64696e67627261696e733131323640676d61696c2e636f6d223b733a383a2270617373776f7264223b733a33323a226535353566383633666230393539333131396665326633343539653937383361223b733a31303a22636f6d70616e795f6964223b733a313a2233223b733a31303a22636f6d70616e795f6462223b733a32353a22656d626172717565736f66745f656d626172717565736f6674223b733a343a226e616d65223b733a303a22223b733a31303a2266697273745f6e616d65223b733a373a2272616865657368223b733a393a226c6173745f6e616d65223b733a353a227961646176223b733a383a226164647265737331223b733a323a226b6f223b733a323a226970223b733a323a226b6f223b733a383a226164647265737332223b733a303a22223b733a343a2263697479223b733a333a226c6b6f223b733a353a227374617465223b733a323a227570223b733a373a22636f756e747279223b733a333a22313031223b733a383a227a69705f636f6465223b733a353a223838363636223b733a373a2277656273697465223b733a303a22223b733a353a22696d616765223b733a303a22223b733a363a22737461747573223b733a313a2231223b733a31303a2269735f64656c65746564223b733a313a2230223b733a343a2274797065223b733a313a2235223b733a383a226c616e6775616765223b733a323a22656e223b733a31323a22637265617465645f64617465223b733a31393a22323031392d30352d32382031313a35323a3238223b733a31323a22757064617465645f64617465223b733a31393a22303030302d30302d30302030303a30303a3030223b733a373a226d6f64756c6573223b733a3338313a227b22726967687473223a7b226d656e755f696e766f69636573223a5b7b2275726c223a22636f6d70616e795c2f696e766f6963655c2f637265617465496e766f696365227d2c7b2275726c223a22636f6d70616e795c2f696e766f6963655c2f637265617465496e766f69636531227d2c7b2275726c223a22636f6d70616e795c2f696e766f6963655c2f637265617465496e766f69636532227d2c7b2275726c223a22636f6d70616e795c2f696e766f6963655c2f637265617465496e766f69636533227d2c7b2275726c223a22636f6d70616e795c2f696e766f6963655c2f637265617465496e766f69636534227d2c7b2275726c223a22636f6d70616e795c2f696e766f6963655c2f637265617465496e766f69636535227d5d2c226c6162656c5f75736572223a22636f6d70616e795c2f757365725c2f616464222c226d656e755f637573746f6d6572223a22636f6d70616e795c2f637573746f6d65725c2f616464227d2c226d61737465725f75736572223a223237227d223b7d),
('5tir5k5lhp5hq9en5m2fsedrs319kg01', '103.78.201.250', 1559068511, 0x5f5f63695f6c6173745f726567656e65726174657c693a313535393036383530393b736974655f6c616e677c733a373a22656e676c697368223b75736572646174617c4f3a383a22737464436c617373223a32363a7b733a323a226964223b733a313a2233223b733a343a2267756964223b733a303a22223b733a383a22757365726e616d65223b733a373a227269636172646f223b733a353a22656d61696c223b733a31383a22636f6d70616e793140676d61696c2e636f6d223b733a383a2270617373776f7264223b733a33323a226531306164633339343962613539616262653536653035376632306638383365223b733a31303a22636f6d70616e795f6964223b733a313a2233223b733a31303a22636f6d70616e795f6462223b733a32353a22656d626172717565736f66745f656d626172717565736f6674223b733a343a226e616d65223b733a303a22223b733a31303a2266697273745f6e616d65223b733a303a22223b733a393a226c6173745f6e616d65223b733a303a22223b733a383a226164647265737331223b733a383a224164647265737331223b733a323a226970223b733a303a22223b733a383a226164647265737332223b733a383a224164647265737332223b733a343a2263697479223b733a393a2241686d656461626164223b733a353a227374617465223b733a363a2247756a726174223b733a373a22636f756e747279223b733a353a22496e646961223b733a383a227a69705f636f6465223b733a363a22333132363035223b733a373a2277656273697465223b733a303a22223b733a353a22696d616765223b733a303a22223b733a363a22737461747573223b733a313a2231223b733a31303a2269735f64656c65746564223b733a313a2230223b733a343a2274797065223b733a313a2233223b733a383a226c616e6775616765223b733a303a22223b733a31323a22637265617465645f64617465223b733a31393a22323031392d30352d32382030373a33363a3334223b733a31323a22757064617465645f64617465223b733a31393a22303030302d30302d30302030303a30303a3030223b733a373a226d6f64756c6573223b4e3b7d7765625f74696d657a6f6e657c733a31333a22417369612f43616c6375747461223b7461627c733a343a2274657374223b),
('rjkh7inhiphosfr57v4pthakfje3icbt', '35.181.4.108', 1559077875, 0x5f5f63695f6c6173745f726567656e65726174657c693a313535393037373837343b736974655f6c616e677c733a373a22656e676c697368223b),
('rc6b8vjqgl89ca9ngr48bat5e553nl0i', '35.181.4.108', 1559077876, 0x5f5f63695f6c6173745f726567656e65726174657c693a313535393037373837363b736974655f6c616e677c733a373a22656e676c697368223b),
('j4uiao336ukmb700uigie5kgun4m45cj', '54.36.148.23', 1559094109, 0x5f5f63695f6c6173745f726567656e65726174657c693a313535393039343130393b736974655f6c616e677c733a373a22656e676c697368223b),
('c732739vv7aqmdu16uqnnr4prhvdj9hj', '66.249.66.131', 1559094459, 0x5f5f63695f6c6173745f726567656e65726174657c693a313535393039343435393b736974655f6c616e677c733a373a22656e676c697368223b),
('4kr49ou2ottb1f4ku7et64g2a73go4ja', '206.180.165.147', 1559123922, 0x5f5f63695f6c6173745f726567656e65726174657c693a313535393132333932323b736974655f6c616e677c733a373a22656e676c697368223b),
('lgc659sci13b9vf9t3l47ingbfv1q6n3', '52.114.128.37', 1559125848, 0x5f5f63695f6c6173745f726567656e65726174657c693a313535393132353834383b736974655f6c616e677c733a373a22656e676c697368223b),
('rf9nfgfrrnu2t1h6duaepo7giv4m7cja', '103.78.201.250', 1559128075, 0x5f5f63695f6c6173745f726567656e65726174657c693a313535393132383037343b736974655f6c616e677c733a373a22656e676c697368223b),
('r96n0bfttt9qorfeudusasvbt2ru7f1e', '200.42.241.152', 1559143074, 0x5f5f63695f6c6173745f726567656e65726174657c693a313535393134333037343b736974655f6c616e677c733a373a22656e676c697368223b75736572646174617c4f3a383a22737464436c617373223a32363a7b733a323a226964223b733a313a2233223b733a343a2267756964223b733a303a22223b733a383a22757365726e616d65223b733a373a227269636172646f223b733a353a22656d61696c223b733a31383a22636f6d70616e793140676d61696c2e636f6d223b733a383a2270617373776f7264223b733a33323a226531306164633339343962613539616262653536653035376632306638383365223b733a31303a22636f6d70616e795f6964223b733a313a2233223b733a31303a22636f6d70616e795f6462223b733a32353a22656d626172717565736f66745f656d626172717565736f6674223b733a343a226e616d65223b733a303a22223b733a31303a2266697273745f6e616d65223b733a303a22223b733a393a226c6173745f6e616d65223b733a303a22223b733a383a226164647265737331223b733a383a224164647265737331223b733a323a226970223b733a303a22223b733a383a226164647265737332223b733a383a224164647265737332223b733a343a2263697479223b733a393a2241686d656461626164223b733a353a227374617465223b733a363a2247756a726174223b733a373a22636f756e747279223b733a353a22496e646961223b733a383a227a69705f636f6465223b733a363a22333132363035223b733a373a2277656273697465223b733a303a22223b733a353a22696d616765223b733a303a22223b733a363a22737461747573223b733a313a2231223b733a31303a2269735f64656c65746564223b733a313a2230223b733a343a2274797065223b733a313a2233223b733a383a226c616e6775616765223b733a373a22656e676c697368223b733a31323a22637265617465645f64617465223b733a31393a22323031392d30322d32312032313a30333a3138223b733a31323a22757064617465645f64617465223b733a31393a22303030302d30302d30302030303a30303a3030223b733a373a226d6f64756c6573223b4e3b7d7765625f74696d657a6f6e657c733a31343a22416d65726963612f4c615f50617a223b6c6173745f7069636b75705f7265706f72745f71756572797c733a3337363a2253454c454354206070602e606964602061732060637573746f6d65725f6964602c206070602e2a2c20434f4e43415428702e74656c655f636f756e7472795f636f64652c202720272c20702e74656c6570686f6e655f6e756d626572292061732074656c6570686f6e655f6e756d6265722c20434f4e43415428702e63656c6c5f636f756e7472795f636f64652c202720272c20702e63656c6c70686f6e655f6e756d626572292061732063656c6c70686f6e655f6e756d6265722c20434f4e43415428702e666e616d652c202720272c20702e6c6e616d6529206173206e616d652c206063602e6062616c616e6365600a46524f4d206074626c5f7069636b757060206070600a4a4f494e206074626c5f637573746f6d65726020606360204f4e206063602e60696460203d206070602e60637573746f6d65725f6964600a5748455245206070602e60766f696460203d20274e6f270a4f52444552204259206070602e6069646020444553430a204c494d4954203130223b7069636b75705f72656469726563747c733a34333a2268747470733a2f2f656d626172717565736f66742e6e65742f636f6d70616e792f7069636b75702f616464223b),
('1mmp917o5u1qi0augkppomf0agi013i5', '103.78.201.250', 1559143090, 0x5f5f63695f6c6173745f726567656e65726174657c693a313535393134333038383b736974655f6c616e677c733a373a22656e676c697368223b75736572646174617c4f3a383a22737464436c617373223a32363a7b733a323a226964223b733a313a2233223b733a343a2267756964223b733a303a22223b733a383a22757365726e616d65223b733a373a227269636172646f223b733a353a22656d61696c223b733a31383a22636f6d70616e793140676d61696c2e636f6d223b733a383a2270617373776f7264223b733a33323a226531306164633339343962613539616262653536653035376632306638383365223b733a31303a22636f6d70616e795f6964223b733a313a2233223b733a31303a22636f6d70616e795f6462223b733a32353a22656d626172717565736f66745f656d626172717565736f6674223b733a343a226e616d65223b733a303a22223b733a31303a2266697273745f6e616d65223b733a303a22223b733a393a226c6173745f6e616d65223b733a303a22223b733a383a226164647265737331223b733a383a224164647265737331223b733a323a226970223b733a303a22223b733a383a226164647265737332223b733a383a224164647265737332223b733a343a2263697479223b733a393a2241686d656461626164223b733a353a227374617465223b733a363a2247756a726174223b733a373a22636f756e747279223b733a353a22496e646961223b733a383a227a69705f636f6465223b733a363a22333132363035223b733a373a2277656273697465223b733a303a22223b733a353a22696d616765223b733a303a22223b733a363a22737461747573223b733a313a2231223b733a31303a2269735f64656c65746564223b733a313a2230223b733a343a2274797065223b733a313a2233223b733a383a226c616e6775616765223b733a303a22223b733a31323a22637265617465645f64617465223b733a31393a22323031392d30352d32382030373a33363a3334223b733a31323a22757064617465645f64617465223b733a31393a22303030302d30302d30302030303a30303a3030223b733a373a226d6f64756c6573223b4e3b7d7765625f74696d657a6f6e657c733a31333a22417369612f43616c6375747461223b);
INSERT INTO `ci_sessions` (`id`, `ip_address`, `timestamp`, `data`) VALUES
('85qlpe2u622ngef1pg6v2c77jn1j8nuu', '103.78.201.250', 1559144389, 0x5f5f63695f6c6173745f726567656e65726174657c693a313535393134343338343b736974655f6c616e677c733a373a22656e676c697368223b7765625f74696d657a6f6e657c733a31333a22417369612f43616c6375747461223b7461627c733a343a2274657374223b6c6173745f7069636b75705f7265706f72745f71756572797c733a3338363a2253454c454354206070602e606964602061732060637573746f6d65725f6964602c206070602e2a2c20434f4e43415428702e74656c655f636f756e7472795f636f64652c202720272c20702e74656c6570686f6e655f6e756d626572292061732074656c6570686f6e655f6e756d6265722c20434f4e43415428702e63656c6c5f636f756e7472795f636f64652c202720272c20702e63656c6c70686f6e655f6e756d626572292061732063656c6c70686f6e655f6e756d6265722c20434f4e43415428702e666e616d652c202720272c20702e6c6e616d6529206173206e616d652c206063602e6062616c616e6365600a46524f4d206074626c5f7069636b757060206070600a4a4f494e206074626c5f637573746f6d65726020606360204f4e206063602e60696460203d206070602e60637573746f6d65725f6964600a5748455245206070602e60766f696460203d20274e6f270a414e4420607069636b75705f6461746560203d2027323031392d30352d3239270a204c494d4954203130223b75736572646174617c4f3a383a22737464436c617373223a32363a7b733a323a226964223b733a313a2233223b733a343a2267756964223b733a303a22223b733a383a22757365726e616d65223b733a373a227269636172646f223b733a353a22656d61696c223b733a31383a22636f6d70616e793140676d61696c2e636f6d223b733a383a2270617373776f7264223b733a33323a226531306164633339343962613539616262653536653035376632306638383365223b733a31303a22636f6d70616e795f6964223b733a313a2233223b733a31303a22636f6d70616e795f6462223b733a32353a22656d626172717565736f66745f656d626172717565736f6674223b733a343a226e616d65223b733a303a22223b733a31303a2266697273745f6e616d65223b733a303a22223b733a393a226c6173745f6e616d65223b733a303a22223b733a383a226164647265737331223b733a383a224164647265737331223b733a323a226970223b733a303a22223b733a383a226164647265737332223b733a383a224164647265737332223b733a343a2263697479223b733a393a2241686d656461626164223b733a353a227374617465223b733a363a2247756a726174223b733a373a22636f756e747279223b733a353a22496e646961223b733a383a227a69705f636f6465223b733a363a22333132363035223b733a373a2277656273697465223b733a303a22223b733a353a22696d616765223b733a303a22223b733a363a22737461747573223b733a313a2231223b733a31303a2269735f64656c65746564223b733a313a2230223b733a343a2274797065223b733a313a2233223b733a383a226c616e6775616765223b733a303a22223b733a31323a22637265617465645f64617465223b733a31393a22323031392d30352d32382030373a33363a3334223b733a31323a22757064617465645f64617465223b733a31393a22303030302d30302d30302030303a30303a3030223b733a373a226d6f64756c6573223b4e3b7d),
('althc2jb9hpah4ei91677sp26dmn1m95', '103.78.201.250', 1559145087, 0x5f5f63695f6c6173745f726567656e65726174657c693a313535393134343938383b736974655f6c616e677c733a373a22656e676c697368223b75736572646174617c4f3a383a22737464436c617373223a32363a7b733a323a226964223b733a313a2233223b733a343a2267756964223b733a303a22223b733a383a22757365726e616d65223b733a373a227269636172646f223b733a353a22656d61696c223b733a31383a22636f6d70616e793140676d61696c2e636f6d223b733a383a2270617373776f7264223b733a33323a226531306164633339343962613539616262653536653035376632306638383365223b733a31303a22636f6d70616e795f6964223b733a313a2233223b733a31303a22636f6d70616e795f6462223b733a32353a22656d626172717565736f66745f656d626172717565736f6674223b733a343a226e616d65223b733a303a22223b733a31303a2266697273745f6e616d65223b733a303a22223b733a393a226c6173745f6e616d65223b733a303a22223b733a383a226164647265737331223b733a383a224164647265737331223b733a323a226970223b733a303a22223b733a383a226164647265737332223b733a383a224164647265737332223b733a343a2263697479223b733a393a2241686d656461626164223b733a353a227374617465223b733a363a2247756a726174223b733a373a22636f756e747279223b733a353a22496e646961223b733a383a227a69705f636f6465223b733a363a22333132363035223b733a373a2277656273697465223b733a303a22223b733a353a22696d616765223b733a303a22223b733a363a22737461747573223b733a313a2231223b733a31303a2269735f64656c65746564223b733a313a2230223b733a343a2274797065223b733a313a2233223b733a383a226c616e6775616765223b733a303a22223b733a31323a22637265617465645f64617465223b733a31393a22323031392d30352d32382030373a33363a3334223b733a31323a22757064617465645f64617465223b733a31393a22303030302d30302d30302030303a30303a3030223b733a373a226d6f64756c6573223b4e3b7d7765625f74696d657a6f6e657c733a31333a22417369612f43616c6375747461223b),
('mbc91hc56q3uab8ao6avo3c9mfe1mou1', '103.78.201.250', 1559145068, 0x5f5f63695f6c6173745f726567656e65726174657c693a313535393134353035383b736974655f6c616e677c733a373a22656e676c697368223b75736572646174617c4f3a383a22737464436c617373223a32363a7b733a323a226964223b733a313a2233223b733a343a2267756964223b733a303a22223b733a383a22757365726e616d65223b733a373a227269636172646f223b733a353a22656d61696c223b733a31383a22636f6d70616e793140676d61696c2e636f6d223b733a383a2270617373776f7264223b733a33323a226531306164633339343962613539616262653536653035376632306638383365223b733a31303a22636f6d70616e795f6964223b733a313a2233223b733a31303a22636f6d70616e795f6462223b733a32353a22656d626172717565736f66745f656d626172717565736f6674223b733a343a226e616d65223b733a303a22223b733a31303a2266697273745f6e616d65223b733a303a22223b733a393a226c6173745f6e616d65223b733a303a22223b733a383a226164647265737331223b733a383a224164647265737331223b733a323a226970223b733a303a22223b733a383a226164647265737332223b733a383a224164647265737332223b733a343a2263697479223b733a393a2241686d656461626164223b733a353a227374617465223b733a363a2247756a726174223b733a373a22636f756e747279223b733a353a22496e646961223b733a383a227a69705f636f6465223b733a363a22333132363035223b733a373a2277656273697465223b733a303a22223b733a353a22696d616765223b733a303a22223b733a363a22737461747573223b733a313a2231223b733a31303a2269735f64656c65746564223b733a313a2230223b733a343a2274797065223b733a313a2233223b733a383a226c616e6775616765223b733a303a22223b733a31323a22637265617465645f64617465223b733a31393a22323031392d30352d32382030373a33363a3334223b733a31323a22757064617465645f64617465223b733a31393a22303030302d30302d30302030303a30303a3030223b733a373a226d6f64756c6573223b4e3b7d7765625f74696d657a6f6e657c733a31333a22417369612f43616c6375747461223b);

-- --------------------------------------------------------

--
-- Table structure for table `rights`
--

CREATE TABLE `rights` (
  `id` int(11) NOT NULL,
  `user_id` int(11) NOT NULL,
  `modules` text NOT NULL,
  `created_date` timestamp NOT NULL DEFAULT CURRENT_TIMESTAMP,
  `updated_date` timestamp NOT NULL DEFAULT CURRENT_TIMESTAMP ON UPDATE CURRENT_TIMESTAMP
) ENGINE=InnoDB DEFAULT CHARSET=latin1 COMMENT='To assign access to any user';

--
-- Dumping data for table `rights`
--

INSERT INTO `rights` (`id`, `user_id`, `modules`, `created_date`, `updated_date`) VALUES
(1, 4, 'customer,invoices,inventory,payments,employee,autocall,reports', '2018-12-21 13:50:18', '2018-12-21 13:50:18'),
(6, 15, '{\"rights\":{\"menu_customer\":\"company\\/customer\\/add\"},\"master_user\":\"15\"}', '2019-01-09 12:14:21', '2019-04-01 13:24:14'),
(7, 16, '{\"rights\":{\"Customer\":\"company\\/customer\\/\",\"Employee\":\"company\\/employee\"},\"master_user\":\"16\"}', '2019-01-09 13:40:32', '2019-01-09 14:03:13'),
(8, 9, '{\"master_user\":\"9\"}', '2019-01-09 14:37:16', '2019-01-09 14:54:43'),
(9, 10, '{\"rights\":{\"Payment\":\"company\\/payment\",\"Invoice\":[{\"url\":\"company\\/invoice\\/createInvoice1\"}]},\"master_user\":\"10\"}', '2019-01-10 13:09:59', '2019-01-10 13:11:56'),
(10, 13, '{\"rights\":{\"Payment\":\"company\\/payment\",\"Distribution\":\"company\\/distributation\",\"Users\":\"company\\/user\\/add\",\"Customer\":\"company\\/customer\\/add\",\"Employee\":\"company\\/employee\\/add\",\"0\":\"company\\/autcall\",\"Supervisor\":\"company\\/Supervisor\"},\"master_user\":\"13\"}', '2019-01-10 13:48:48', '2019-01-10 14:02:46'),
(11, 14, '{\"rights\":{\"Customer\":\"company\\/customer\\/add\",\"Invoice\":[{\"url\":\"company\\/invoice\\/createInvoice\"}],\"Payment\":\"company\\/payment\",\"Inventory\":[{\"url\":\"company\\/inventory\\/add\"}],\"PickUp\":[{\"url\":\"company\\/blahblah\"}],\"Distribution\":\"company\\/distributation\",\"Warehouse\":[{\"url\":\"xyzUrl\"}],\"Users\":\"company\\/user\\/add\",\"AutoCall\":\"company\\/autcall\",\"Reports\":[{\"url\":\"xyzUrl\"}],\"Supervisor\":\"company\\/Supervisor\",\"BackOffice\":[{\"url\":\"xyzUrl\"}],\"Employee\":\"company\\/employee\\/add\"},\"master_user\":\"14\"}', '2019-01-10 13:56:09', '2019-01-10 14:42:25'),
(12, 7, '{\"master_user\":\"7\"}', '2019-01-11 05:20:19', '2019-01-11 05:23:36'),
(13, 20, '{\"rights\":{\"menu_customer\":\"company\\/customer\\/add\"},\"master_user\":\"20\"}', '2019-04-03 16:38:34', '2019-04-03 16:38:34'),
(14, 21, '{\"rights\":{\"menu_customer\":\"company\\/customer\\/add\"},\"master_user\":\"21\"}', '2019-04-08 09:43:21', '2019-04-08 09:43:21'),
(15, 23, '{\"rights\":{\"menu_employee\":\"company\\/employee\\/add\"},\"master_user\":\"23\"}', '2019-04-10 11:32:00', '2019-04-10 11:32:00'),
(16, 24, '{\"rights\":{\"menu_customer\":\"company\\/customer\\/add\",\"menu_invoices\":[{\"url\":\"company\\/invoice\\/createInvoice\"},{\"url\":\"company\\/invoice\\/createInvoice1\"},{\"url\":\"company\\/invoice\\/createInvoice2\"},{\"url\":\"company\\/invoice\\/createInvoice3\"},{\"url\":\"company\\/invoice\\/createInvoice4\"},{\"url\":\"company\\/invoice\\/createInvoice5\"}],\"menu_payments\":\"company\\/payment\"},\"master_user\":\"24\"}', '2019-05-13 15:17:36', '2019-05-13 15:17:36'),
(17, 25, '{\"rights\":{\"menu_customer\":\"company\\/customer\\/add\",\"menu_invoices\":[{\"url\":\"company\\/invoice\\/createInvoice\"},{\"url\":\"company\\/invoice\\/createInvoice1\"},{\"url\":\"company\\/invoice\\/createInvoice2\"},{\"url\":\"company\\/invoice\\/createInvoice3\"},{\"url\":\"company\\/invoice\\/createInvoice4\"},{\"url\":\"company\\/invoice\\/createInvoice5\"}],\"menu_employee\":\"company\\/employee\\/add\",\"label_user\":\"company\\/user\\/add\"},\"master_user\":\"25\"}', '2019-05-28 11:58:27', '2019-05-28 12:26:41'),
(18, 26, '{\"rights\":{\"menu_customer\":\"company\\/customer\\/add\"},\"master_user\":\"26\"}', '2019-05-28 12:40:25', '2019-05-28 12:40:25'),
(19, 27, '{\"rights\":{\"menu_invoices\":[{\"url\":\"company\\/invoice\\/createInvoice\"},{\"url\":\"company\\/invoice\\/createInvoice1\"},{\"url\":\"company\\/invoice\\/createInvoice2\"},{\"url\":\"company\\/invoice\\/createInvoice3\"},{\"url\":\"company\\/invoice\\/createInvoice4\"},{\"url\":\"company\\/invoice\\/createInvoice5\"}],\"label_user\":\"company\\/user\\/add\",\"menu_customer\":\"company\\/customer\\/add\"},\"master_user\":\"27\"}', '2019-05-28 15:51:12', '2019-05-28 15:51:12'),
(20, 28, '{\"rights\":{\"menu_customer\":\"company\\/customer\\/add\",\"menu_employee\":\"company\\/employee\\/add\",\"label_user\":\"company\\/user\\/add\"},\"master_user\":\"28\"}', '2019-05-29 11:41:00', '2019-05-29 11:46:32');

-- --------------------------------------------------------

--
-- Table structure for table `user`
--

CREATE TABLE `user` (
  `id` int(11) NOT NULL,
  `guid` varchar(255) NOT NULL,
  `username` varchar(255) NOT NULL,
  `email` varchar(255) NOT NULL,
  `password` varchar(255) NOT NULL,
  `company_id` int(11) NOT NULL,
  `company_db` varchar(30) NOT NULL,
  `name` varchar(255) NOT NULL,
  `first_name` varchar(255) NOT NULL,
  `last_name` varchar(255) NOT NULL,
  `address1` text NOT NULL,
  `ip` varchar(30) NOT NULL,
  `address2` text NOT NULL,
  `city` varchar(255) NOT NULL,
  `state` varchar(255) NOT NULL,
  `country` varchar(255) NOT NULL,
  `zip_code` varchar(10) NOT NULL,
  `website` varchar(255) NOT NULL,
  `image` varchar(255) NOT NULL,
  `status` enum('0','1') NOT NULL DEFAULT '0' COMMENT '1=>Active,0=>Inactive',
  `is_deleted` enum('0','1') NOT NULL DEFAULT '0' COMMENT '1=>Active,0=>Inactive',
  `type` enum('1','2','3','4','5') NOT NULL COMMENT '1=>SuperAdmin,2=>Admin,3=>Company,4=>Driver,5=>PortalUser',
  `language` enum('en','fr') NOT NULL,
  `created_date` timestamp NOT NULL DEFAULT CURRENT_TIMESTAMP ON UPDATE CURRENT_TIMESTAMP,
  `updated_date` timestamp NOT NULL DEFAULT '0000-00-00 00:00:00'
) ENGINE=InnoDB DEFAULT CHARSET=latin1 COMMENT='User global table';

--
-- Dumping data for table `user`
--

INSERT INTO `user` (`id`, `guid`, `username`, `email`, `password`, `company_id`, `company_db`, `name`, `first_name`, `last_name`, `address1`, `ip`, `address2`, `city`, `state`, `country`, `zip_code`, `website`, `image`, `status`, `is_deleted`, `type`, `language`, `created_date`, `updated_date`) VALUES
(3, '', 'ricardo', 'company1@gmail.com', 'e10adc3949ba59abbe56e057f20f883e', 3, 'embarquesoft_embarquesoft', '', '', '', 'Address1', '', 'Address2', 'Ahmedabad', 'Gujrat', 'India', '312605', '', '', '1', '0', '3', '', '2019-05-28 11:36:34', '0000-00-00 00:00:00'),
(4, '', '', 'shakti@gmail.com', 'e10adc3949ba59abbe56e057f20f883e', 3, '', '', 'shakti', 'Sisodiya', 'Pratapgarh', '', 'rajsthan', 'Pratapgarh', 'Rajsthan', 'India', '312605', '', '', '1', '0', '4', '', '2018-12-25 10:03:38', '0000-00-00 00:00:00'),
(5, '', 'dsdsdsd65446565', 'sdf@df.com', '81dc9bdb52d04dc20036dbd8313ed055', 0, '', '', 'dcf', 'zxdf', 'sdsdsdsd', 'fddfvv65df65:585', '', 'sdsdsd', 'ffffff', 'sd', 'vnbvn', '', '', '1', '0', '5', '', '2019-01-05 09:56:49', '0000-00-00 00:00:00'),
(6, '', 'jgh', 'ok@jj.com', '81dc9bdb52d04dc20036dbd8313ed055', 0, '', '', 'piku', 'patel', 'Thaltej, Ahmedabad, Gujarat, India', '30cvvbbcvb4444', '', 'Ahmedabad', 'Gujarat', 'India', '380060', '', '', '1', '0', '5', '', '2019-01-05 09:56:49', '0000-00-00 00:00:00'),
(7, '', 'RGuerrero', 'codingbrains116@gmail.com', '506b314f1371d731c186931682f24abe', 0, '', '', 'Ricardo fr', 'Guerero', 'test', 'test', '', 'test', 'test', '100', '343434', '', '', '1', '0', '5', '', '2019-05-28 11:11:57', '0000-00-00 00:00:00'),
(8, '', 'rwerwerwe', 'paginasnow@live.com', '57478bdd6cc0d1aeef78b98f8f1a4220', 0, '', '', 'Jose', 'Miquel', '51 Hamilton Place, New York, NY, USA', '', '', 'New York', 'New York', 'United States', '10031', '', '', '1', '0', '5', '', '2019-01-10 13:21:56', '0000-00-00 00:00:00'),
(9, '', 'partho', 'parth@hyperlinkinfosystem.com', 'e10adc3949ba59abbe56e057f20f883e', 25, 'embarquesoft', '', 'partho', 'mehta', '5121, Market Street,', '5121, Market Str', '', 'Philadelphia', 'Pennsylvania', 'United States', '19139', '', '', '1', '0', '5', '', '2019-01-10 13:21:56', '0000-00-00 00:00:00'),
(10, '', 'test', 'test@gmail.com', '098f6bcd4621d373cade4e832627b4f6', 3, 'embarquesoft_embarquesoft', '', 'test', 'test1', '1252 Boylston Street', '', '', 'Boston', 'MA', 'United States', '02215', '', '', '1', '0', '5', '', '2019-01-10 13:21:56', '0000-00-00 00:00:00'),
(13, '', 'psingh', '', 'e10adc3949ba59abbe56e057f20f883e', 3, 'embarquesoft_embarquesoft', '', 'psingh', 'sis', 'Kalupur Railway Station Road', '192', '', 'Ahmedabad', 'GJ', 'India', '380002', '', '', '1', '0', '5', '', '2019-01-18 15:17:45', '0000-00-00 00:00:00'),
(14, '', 'partho', 'parth@hyperlinkinfosystem.com', 'e10adc3949ba59abbe56e057f20f883e', 3, 'embarquesoft_embarquesoft', '', 'parth', 'mehta', '1252 Boylston Street', '', '', 'Boston', 'MA', 'United States', '02215', '', '', '1', '0', '5', '', '2019-01-18 15:17:45', '0000-00-00 00:00:00'),
(16, '', 'test', '', '098f6bcd4621d373cade4e832627b4f6', 3, 'embarquesoft_embarquesoft', '', 'test1', 'test1', 'test1', '543534', '', 'test1', 'test1', '100', '35343', '', '', '1', '0', '5', '', '2019-04-04 18:37:55', '0000-00-00 00:00:00'),
(17, '', 'ricardo gg', '', 'e10adc3949ba59abbe56e057f20f883e', 3, 'embarquesoft_embarquesoft', '', 'test2', 'test2', 'dfsdfsdf', '', '', 'test', 'test', '100', '3434', '', '', '1', '0', '5', '', '2019-05-28 11:36:44', '0000-00-00 00:00:00'),
(18, '', 'teerer', '', '098f6bcd4621d373cade4e832627b4f6', 3, 'embarquesoft_embarquesoft', '', 'geter', 'ertert', 'ertret', '35345', '', 'ertert', 'ertert', '100', '435345', '', '', '1', '0', '5', '', '2019-04-04 18:37:55', '0000-00-00 00:00:00'),
(19, '', 'test', '', '098f6bcd4621d373cade4e832627b4f6', 3, 'embarquesoft_embarquesoft', '', 'ccoding test', 'ccoding test', 'ccoding test', 'testip', '', 'ccoding test', 'ccoding test', '100', '4343', '', '', '1', '0', '5', '', '2019-04-04 18:37:55', '0000-00-00 00:00:00'),
(20, '', 'test123', '', '0cb71fd928440dd93d13dcc411fef8f6', 3, 'embarquesoft_embarquesoft', '', 'rock', 'rock', 'rock', 'testipp', '', 'rock', 'rock', '100', '4543', '', '', '1', '0', '5', '', '2019-04-04 18:37:55', '0000-00-00 00:00:00'),
(21, '', 'fghfhffh', '', '098f6bcd4621d373cade4e832627b4f6', 3, 'embarquesoft_embarquesoft', '', 'gfg', 'fgfg', '5035 So. Drexel, Unit E', '', '', 'Chicago', 'new york', '100', '60615', '', '', '1', '0', '5', '', '2019-04-09 12:21:00', '0000-00-00 00:00:00'),
(22, '', 'ricardo hh', '', 'e10adc3949ba59abbe56e057f20f883e', 3, 'embarquesoft_embarquesoft', '', 'test1', '2', '75 3rd Avenue', '75 3rd Avenue', '', 'New York', 'NY', '101', '10003', '', '', '1', '0', '5', '', '2019-05-28 11:36:48', '0000-00-00 00:00:00'),
(23, '', 'testuser', 'test@yopmail.com', 'e10adc3949ba59abbe56e057f20f883e', 3, 'embarquesoft_embarquesoft', '', 'user', 'testss', '75 3rd Avenue', '2222222222', '', 'New York', 'New York', '100', '10003', '', '', '1', '0', '5', '', '2019-05-13 14:11:27', '0000-00-00 00:00:00'),
(24, '', 'rockji', 'codingbrains6@gmail.com', 'e10adc3949ba59abbe56e057f20f883e', 3, 'embarquesoft_embarquesoft', '', 'rockjiii', 'jiiii', '2 Hardman Boulevard, xyz', '2 Hardman Boulev', '', 'LKOii', 'Englandii', '100', 'M3 3AQii', '', '', '1', '0', '5', '', '2019-05-22 13:23:51', '0000-00-00 00:00:00'),
(25, '', 'bahubali', '', 'ceb6c970658f31504a901b89dcd3e461', 3, 'embarquesoft_embarquesoft', '', 'Amrendra', 'Bahubali', '21st Street', 'bahubali', '', 'New York', 'New York', '100', '10003', '', '', '1', '0', '5', '', '2019-05-29 13:33:58', '0000-00-00 00:00:00'),
(26, '', 'test', 'codingbrains216@gmail.com', '098f6bcd4621d373cade4e832627b4f6', 3, 'embarquesoft_embarquesoft', '', 'testuser', 'testuser', 'testuser', 'test', '', 'testuser', 'testuser', '100', '5555', '', '', '1', '0', '5', '', '2019-05-29 13:33:58', '0000-00-00 00:00:00'),
(27, '', 'raheesh', 'codingbrains1126@gmail.com', 'e555f863fb09593119fe2f3459e9783a', 3, 'embarquesoft_embarquesoft', '', 'raheesh', 'yadav', 'ko', 'ko', '', 'lko', 'up', '101', '88666', '', '', '1', '0', '5', '', '2019-05-29 13:33:58', '0000-00-00 00:00:00'),
(28, '', 'kattapa', '', 'ceb6c970658f31504a901b89dcd3e461', 3, 'embarquesoft_embarquesoft', '', 'Kattapa', 'Mahishmati', '463 7th Avenue', 'kattapa', '', 'New York', 'NY', '100', '10018', '', '', '1', '0', '5', '', '2019-05-29 13:33:58', '0000-00-00 00:00:00');

--
-- Indexes for dumped tables
--

--
-- Indexes for table `ci_sessions`
--
ALTER TABLE `ci_sessions`
  ADD KEY `ci_sessions_timestamp` (`timestamp`);

--
-- Indexes for table `rights`
--
ALTER TABLE `rights`
  ADD PRIMARY KEY (`id`),
  ADD KEY `user_id` (`user_id`);

--
-- Indexes for table `user`
--
ALTER TABLE `user`
  ADD PRIMARY KEY (`id`),
  ADD KEY `id` (`id`),
  ADD KEY `company_id` (`company_id`) USING BTREE;

--
-- AUTO_INCREMENT for dumped tables
--

--
-- AUTO_INCREMENT for table `rights`
--
ALTER TABLE `rights`
  MODIFY `id` int(11) NOT NULL AUTO_INCREMENT, AUTO_INCREMENT=21;

--
-- AUTO_INCREMENT for table `user`
--
ALTER TABLE `user`
  MODIFY `id` int(11) NOT NULL AUTO_INCREMENT, AUTO_INCREMENT=29;
COMMIT;

/*!40101 SET CHARACTER_SET_CLIENT=@OLD_CHARACTER_SET_CLIENT */;
/*!40101 SET CHARACTER_SET_RESULTS=@OLD_CHARACTER_SET_RESULTS */;
/*!40101 SET COLLATION_CONNECTION=@OLD_COLLATION_CONNECTION */;
